Revenue,Units_Sold,RevPerUnit,dim_branch_key,dim_date_key,dim_dealer_key,dim_model_key
13363978,2,6681989,418,825,6,155
17376468,3,5792156,1557,825,197,252
9664767,3,3221589,1058,752,104,199
5525304,3,1841768,789,752,95,183
12971088,3,4323696,497,882,231,106
7321228,1,7321228,1804,988,41,41
11379294,2,5689647,734,988,177,107
11611234,2,5805617,1211,1043,182,110
19979446,2,9989723,116,1043,204,185
14181510,3,4727170,116,826,160,238
5358057,1,5358057,1423,826,103,4
16150431,3,5383477,432,827,141,267
13389350,2,6694675,661,827,89,257
4891618,2,2445809,1290,648,198,192
5059144,2,2529572,365,648,254,45
17369466,2,8684733,419,187,3,14
26969532,3,8989844,27,1012,166,138
4816794,2,2408397,954,729,71,28
7738896,1,7738896,751,729,142,248
11038722,3,3679574,1809,251,116,108
6733530,2,3366765,1103,251,189,214
6594996,3,2198332,150,169,27,230
8355774,3,2785258,1792,538,115,26
6158643,1,6158643,879,538,36,265
18118773,3,6039591,542,527,216,70
10067596,2,5033798,542,527,122,270
8443706,1,8443706,526,972,133,176
4590128,1,4590128,880,972,111,139
4225644,2,2112822,1755,890,143,161
7525079,1,7525079,277,252,21,218
8074050,2,4037025,1793,331,128,203
4058632,1,4058632,221,318,101,104
12322500,3,4107500,1028,318,53,195
13055810,2,6527905,1028,463,45,249
5616461,1,5616461,1264,463,98,146
18031408,2,9015704,1594,1147,190,217
4061400,3,1353800,717,122,83,19
23199300,3,7733100,800,122,84,60
3120075,1,3120075,1578,227,121,143
11630901,3,3876967,778,674,200,166
28080780,3,9360260,971,674,129,170
17231670,3,5743890,1558,1,79,227
1196976,1,1196976,1212,1104,185,269
2224368,1,2224368,1212,115,29,172
16890826,2,8445413,1719,115,187,135
7422324,1,7422324,596,548,206,86
5594044,1,5594044,597,548,130,120
309955,1,309955,1661,675,10,43
3735254,2,1867627,840,675,31,37
8736224,1,8736224,142,999,218,204
29476512,3,9825504,292,999,237,196
2824317,1,2824317,1487,501,208,271
28254609,3,9418203,1449,501,54,55
11270580,3,3756860,1449,1129,26,272
6429308,1,6429308,77,55,147,30
9045495,3,3015165,478,253,205,95
693559,1,693559,1667,253,82,39
26303979,3,8767993,1059,968,134,68
5305198,2,2652599,632,968,11,154
6723250,1,6723250,690,371,105,260
5887052,2,2943526,63,371,14,21
6083151,1,6083151,1687,618,40,110
18784710,3,6261570,1687,618,159,144
5289426,2,2644713,1568,221,169,236
4014205,1,4014205,843,602,214,90
3163004,2,1581502,934,830,192,126
21878175,3,7292725,304,234,52,124
9867107,1,9867107,1131,234,96,162
4583883,3,1527961,1569,1023,28,150
14383990,2,7191995,857,619,251,121
24665256,3,8221752,1570,619,156,28
2354637,3,784879,1570,1035,126,34
2563134,3,854378,225,1035,215,238
5756780,1,5756780,1631,1072,15,247
4317585,1,4317585,987,1072,23,169
11402294,2,5701147,858,222,258,201
17859966,3,5953322,1313,222,22,80
25901943,3,8633981,169,851,60,268
299478,1,299478,1326,684,66,69
11502266,2,5751133,647,756,61,248
4961142,3,1653714,897,756,173,240
6061880,1,6061880,56,1032,48,1
18863226,3,6287742,1162,17,68,93
8534145,3,2844715,673,17,238,104
12618398,2,6309199,1231,259,240,270
22293669,3,7431223,935,259,164,163
1994377,1,1994377,99,455,7,67
11722286,2,5861143,1003,123,170,118
24760575,3,8253525,648,235,261,227
10732148,2,5366074,674,235,24,249
7666706,1,7666706,45,853,246,237
675100,2,337550,117,263,12,197
2968140,3,989380,1314,263,152,215
8885904,3,2961968,1571,305,181,184
21885834,3,7295278,1720,305,135,127
8169852,1,8169852,909,56,233,231
3450696,1,3450696,543,763,136,271
5421046,2,2710523,543,763,49,40
10113618,3,3371206,1029,664,30,172
3382344,2,1691172,1488,664,64,119
21087120,3,7029040,582,1139,107,151
8445560,2,4222780,814,1139,223,266
20375646,3,6791882,1768,959,194,82
5608551,3,1869517,1781,691,211,250
15086781,3,5028927,726,691,247,181
3852248,1,3852248,72,798,145,273
28034733,3,9344911,1,145,267,276
6932140,1,6932140,305,145,16,83
2279715,3,759905,51,280,210,178
15082984,2,7541492,498,280,33,63
1614954,3,538318,607,1036,212,263
17522592,2,8761296,1163,1036,8,75
15425984,2,7712992,828,1121,224,91
6200183,1,6200183,625,1121,118,15
9216580,2,4608290,28,943,69,241
20974905,3,6991635,13,199,193,69
25901364,3,8633788,13,199,232,258
13123846,2,6561923,874,474,199,34
7178971,1,7178971,510,474,225,73
10761116,2,5380558,1153,586,109,61
13220313,3,4406771,346,586,37,131
2964017,1,2964017,1111,244,252,98
19987149,3,6662383,1688,244,65,31
2221530,1,2221530,1632,549,119,190
3751186,1,3751186,306,294,201,36
4376587,1,4376587,226,294,226,233
281016,2,140508,1622,211,106,27
19669918,2,9834959,263,568,167,64
25546332,3,8515444,555,1122,32,179
288894,1,288894,982,456,161,253
11329482,3,3776494,544,456,80,134
18898203,3,6299401,356,176,172,222
8140664,2,4070332,1239,176,163,44
12526704,2,6263352,1689,356,209,79
9626946,1,9626946,1307,356,70,111
8308755,3,2769585,1572,228,256,38
7053423,3,2351141,1315,228,175,231
7915343,1,7915343,1315,922,241,254
5868139,1,5868139,433,922,72,132
340182,2,170091,1316,18,124,23
2861778,2,1430889,1731,18,76,173
7078128,1,7078128,1406,632,148,100
4681233,1,4681233,1548,632,153,174
9127452,3,3042484,488,960,113,213
28232232,3,9410744,1751,960,125,273
24183663,3,8061221,1751,319,137,51
4579461,3,1526487,1698,319,100,40
11559954,3,3853318,1154,581,56,164
6535383,3,2178461,1595,581,75,10
4392538,2,2196269,759,613,19,65
725867,1,725867,1633,565,38,116
2827664,2,1413832,691,565,87,243
9689140,1,9689140,1772,22,229,186
16533070,2,8266535,1647,22,2,206
847952,2,423976,1773,192,182,99
12224250,2,6112125,52,192,6,276
8711628,3,2903876,1573,1037,46,261
20604021,3,6868007,193,72,197,57
22278675,3,7426225,1611,64,104,147
8383410,1,8383410,1177,64,73,71
5440414,1,5440414,727,905,59,122
2887860,1,2887860,727,905,71,117
9621332,2,4810666,527,1038,204,75
9894833,1,9894833,1390,1038,103,152
7758912,1,7758912,1822,894,141,52
11540160,2,5770080,1506,65,89,210
10376068,2,5188034,1291,65,82,58
10046163,3,3348721,222,649,254,165
9612233,1,9612233,434,78,3,25
4380192,2,2190096,859,78,166,255
4988693,1,4988693,1465,1039,244,31
24243636,3,8081212,1465,1039,234,228
15758858,2,7879429,675,973,171,258
4437937,1,4437937,118,973,91,140
12531735,3,4177245,1072,1073,188,141
17781882,3,5927294,405,607,116,153
18432684,2,9216342,1559,1050,223,234
7783188,2,3891594,1525,448,27,259
27840693,3,9280231,881,156,115,77
27170463,3,9056821,676,156,36,84
7900452,1,7900452,86,108,259,253
889446,3,296482,662,108,216,235
29018226,3,9672742,1782,875,111,96
19005264,2,9502632,206,1110,34,136
1862934,2,931467,1774,923,148,177
7440984,1,7440984,1489,717,128,142
6945984,3,2315328,1648,639,4,128
9296322,3,3098774,347,639,98,85
29679627,3,9893209,760,502,62,5
6718044,3,2239348,1240,528,200,123
6866014,2,3433007,64,528,245,129
4256874,2,2128437,435,79,185,254
6905276,2,3452638,1579,79,187,167
13383333,3,4461111,741,718,206,149
7421974,1,7421974,1699,933,130,193
9343340,1,9343340,1178,933,237,277
2574816,2,1287408,65,543,54,51
6457305,1,6457305,177,320,213,219
1879880,2,939940,1480,961,147,191
5701857,3,1900619,1021,961,58,130
8615017,1,8615017,278,357,134,211
5905112,2,2952556,406,555,11,175
6196108,1,6196108,246,236,105,207
6197509,1,6197509,663,236,248,13
9190640,1,9190640,1526,735,40,99
376922,2,188461,34,35,214,6
14143208,2,7071604,247,35,192,17
6271023,3,2090341,1542,2,17,66
8648235,3,2882745,1612,2,96,220
16914626,2,8457313,233,719,28,223
4403793,1,4403793,1382,719,81,156
572727,1,572727,1292,1140,215,157
7802484,1,7802484,323,1140,23,101
14184207,3,4728069,1302,805,60,56
16295156,2,8147578,633,805,191,84
8268754,1,8268754,779,711,61,246
14099240,2,7049620,1668,711,127,102
7235826,3,2411942,1255,414,173,48
2855670,3,951890,583,414,42,87
7398132,2,3699066,348,219,239,171
4836812,2,2418406,1744,219,68,59
7963904,1,7963904,407,730,178,182
6873658,1,6873658,780,730,228,128
4701994,2,2350997,1038,692,238,155
25066332,3,8355444,1095,692,240,94
8881946,2,4440973,420,746,164,252
17758347,3,5919449,1481,486,7,199
12612492,3,4204164,1490,358,235,46
18183694,2,9091847,35,840,265,76
27140604,3,9046868,1179,66,170,41
1669181,1,1669181,917,757,179,107
5221738,1,5221738,1265,720,155,16
11080864,2,5540432,479,720,24,4
1458843,3,486281,566,1013,246,257
7980454,2,3990227,1678,1013,77,39
14293562,2,7146781,264,212,152,45
3001169,1,3001169,728,177,139,277
4423641,1,4423641,1052,177,136,32
7840152,2,3920076,1450,587,30,35
14323572,3,4774524,1533,587,64,180
19030767,3,6343589,765,178,194,230
5047944,2,2523972,1507,178,211,26
19425790,2,9712895,1112,101,112,207
19779771,3,6593257,1456,101,207,70
21458625,3,7152875,1613,544,154,176
9655398,2,4827699,1015,544,260,139
13498826,2,6749413,223,503,43,100
2102115,1,2102115,936,503,123,218
23298537,3,7766179,955,504,210,203
15268707,3,5089569,1213,504,20,156
23878338,3,7959446,860,491,266,195
5683188,1,5683188,1132,491,224,217
809825,1,809825,392,828,120,158
7857724,1,7857724,1030,828,74,166
15858531,3,5286177,766,229,262,170
19737520,2,9868760,57,457,253,56
25485213,3,8495071,616,841,193,269
1977151,1,1977151,393,841,199,135
494316,3,164772,100,295,225,86
2136798,2,1068399,898,200,93,46
7206187,1,7206187,815,200,37,204
3927363,3,1309121,131,791,252,196
3472263,3,1157421,265,48,119,55
22828896,3,7609632,436,1040,150,212
5601846,2,2800923,1016,1040,201,264
16953594,2,8476797,279,487,99,114
3153932,2,1576966,58,669,50,68
10504860,2,5252430,1827,392,167,154
7654362,2,3827181,1017,382,220,107
6440358,2,3220179,584,350,80,110
17942361,3,5980787,956,350,157,126
13772301,3,4590767,248,895,176,162
8312583,1,8312583,1337,895,255,150
5923920,3,1974640,1004,758,70,225
4722916,2,2361458,1496,758,162,138
15922974,2,7961487,910,1074,175,28
19070698,2,9535349,649,310,72,238
7885366,2,3942683,1214,1000,124,247
4149040,2,2074520,752,934,18,169
8465856,1,8465856,1143,934,85,262
12776376,2,6388188,132,1054,90,80
28009680,3,9336560,1186,344,131,265
9031813,1,9031813,357,344,125,49
11635732,2,5817866,480,3,100,248
7719978,2,3859989,767,3,75,240
6771021,3,2257007,963,759,132,208
29480649,3,9826883,36,281,87,93
3396933,1,3396933,1366,281,229,2
8830740,3,2943580,1249,831,86,104
7989019,1,7989019,1441,831,6,270
9113729,1,9113729,957,193,46,163
18507800,2,9253900,249,935,197,67
18944259,3,6314753,421,170,95,22
25448304,3,8482768,567,403,231,33
11579523,3,3859841,14,693,73,118
13471854,3,4490618,1022,693,41,242
18106066,2,9053033,151,481,140,170
22875579,3,7625193,1614,481,59,227
8281269,3,2760423,1690,146,204,249
10410296,2,5205148,1371,736,103,88
8305590,3,2768530,408,736,141,237
4192176,1,4192176,899,747,198,9
5443287,1,5443287,937,747,82,215
16232652,3,5410884,1726,799,254,184
13134435,3,4378145,1275,650,3,127
3488930,1,3488930,1466,650,244,271
1408708,1,1408708,650,213,171,172
17499968,2,8749984,889,962,91,119
7718804,1,7718804,1144,962,17,105
9894550,1,9894550,1429,629,189,168
2767600,2,1383800,781,629,27,250
3856866,3,1285622,1549,138,259,21
12084375,3,4028125,729,909,216,272
1712349,3,570783,15,404,133,18
10582473,3,3527491,938,404,111,112
2318050,2,1159025,1745,529,148,115
16232316,3,5410772,1155,864,21,178
2907854,2,1453927,1508,864,149,225
3180226,1,3180226,1164,210,195,121
13805602,2,6902801,1223,210,53,144
1637522,1,1637522,1372,918,98,91
8805045,3,2935015,1805,918,190,15
6106050,2,3053025,143,676,84,133
7614612,3,2538204,1467,482,200,187
9805538,2,4902769,317,592,114,268
12534236,2,6267118,634,592,245,69
6462394,2,3231197,1396,924,187,73
10448502,2,5224251,1732,924,206,61
28280070,3,9426690,882,92,10,221
6787214,2,3393607,617,92,235,232
24961737,3,8320579,1060,703,31,131
26010369,3,8670123,1615,703,218,98
13362888,3,4454296,520,760,146,2
9993194,1,9993194,46,760,180,190
13189806,3,4396602,157,577,54,194
16419144,2,8209572,1317,577,13,36
27731796,3,9243932,1039,1051,58,72
2658567,1,2658567,1023,870,134,64
5356071,1,5356071,911,870,11,179
8198552,1,8198552,37,764,39,242
6356301,1,6356301,807,876,40,222
24611535,3,8203845,1303,876,169,44
16191680,2,8095840,1040,299,52,62
4768559,1,4768559,144,811,96,42
16954836,2,8477418,1634,811,221,127
5629200,1,5629200,1266,700,51,231
1413380,2,706690,1516,700,156,132
4502553,1,4502553,1091,102,215,23
9393882,2,4696941,1018,102,15,8
9950264,1,9950264,133,49,168,262
16722777,3,5574259,1327,936,258,11
22175907,3,7391969,1061,936,168,188
4419316,2,2209658,119,836,117,213
13123946,2,6561973,307,836,97,181
5124985,1,5124985,844,428,191,273
5529707,1,5529707,1775,954,184,40
11745182,2,5872591,101,954,61,164
8911209,1,8911209,293,415,48,74
19232882,2,9616441,178,415,42,116
2711044,1,2711044,545,919,68,186
7896011,1,7896011,145,919,183,63
539991,3,179997,568,157,228,263
8968102,2,4484051,569,157,240,261
3474317,1,3474317,447,492,164,57
17412786,3,5804262,260,492,265,71
12703779,3,4234593,126,920,155,122
5104718,2,2552359,489,865,261,75
18335968,2,9167984,598,306,24,152
18836902,2,9418451,1203,978,196,52
797190,2,398595,556,685,12,97
8061612,1,8061612,707,1024,152,165
8089428,3,2696476,1616,1001,181,25
12806852,2,6403426,1560,1019,203,98
2133323,1,2133323,1096,737,136,258
4947308,1,4947308,1810,737,30,140
11991464,2,5995732,324,359,64,141
2783942,2,1391971,1367,188,107,244
23014824,3,7671608,102,188,186,234
540801,1,540801,461,360,242,179
10200093,3,3400031,939,360,207,235
405648,2,202824,187,983,154,78
1887134,2,943567,1752,983,16,24
944356,1,944356,1097,201,43,177
8815047,1,8815047,718,201,123,202
12871174,2,6435587,1250,266,20,38
4021521,1,4021521,490,311,102,85
11543998,2,5771999,923,311,42,208
27851115,3,9283705,1457,1081,138,213
13663419,3,4554473,682,1081,253,129
2711864,1,2711864,336,712,193,254
7922738,2,3961369,1828,332,225,149
14908658,2,7454329,664,332,108,148
25853679,3,8617893,294,214,249,186
2008077,3,669359,266,955,25,206
7940381,1,7940381,845,955,201,219
3528405,1,3528405,1635,458,106,53
19427550,2,9713775,521,458,99,130
17420608,2,8710304,1215,871,50,211
5780896,1,5780896,570,871,220,13
10853781,3,3617927,1145,67,80,99
19174448,2,9587224,330,383,163,6
6933494,1,6933494,1005,321,209,81
27378201,3,9126067,1424,321,174,66
12364917,3,4121639,337,1041,176,220
27157551,3,9052517,768,1041,78,25
7605444,1,7605444,127,1089,72,157
19788891,3,6596297,782,995,124,145
5076554,1,5076554,1823,276,85,216
22238040,3,7412680,1165,276,153,229
7166549,1,7166549,212,593,263,77
12679842,2,6339921,250,593,131,84
4101380,2,2050690,227,772,132,87
2973343,1,2973343,16,772,38,171
4597215,3,1532405,1623,944,87,59
827032,2,413516,1580,1033,63,142
14749900,2,7374950,918,1033,250,128
1631227,1,1631227,394,288,6,94
4711108,2,2355554,883,288,46,252
14029425,3,4676475,158,132,243,22
13525848,2,6762924,730,132,104,183
19488884,2,9744442,170,633,95,106
11070153,3,3690051,988,556,73,41
887358,2,443679,816,556,219,123
7619058,2,3809529,1763,806,59,185
5486357,1,5486357,59,806,204,4
8277025,1,8277025,1829,375,103,267
24713088,3,8237696,571,375,89,192
1071975,1,1071975,1241,124,82,45
19026810,2,9513405,1561,505,254,14
2376282,3,792094,692,300,9,245
3861337,1,3861337,1562,300,244,32
5611611,3,1870537,861,630,171,35
4640488,2,2320244,120,630,91,180
7651808,1,7651808,769,269,116,214
29452029,3,9817343,1497,603,223,230
6012624,2,3006312,1383,603,165,175
3013862,1,3013862,1318,165,259,70
23622411,3,7874137,207,165,216,176
5988985,1,5988985,1691,103,133,139
3954015,3,1318005,1700,103,34,161
5794861,1,5794861,546,910,143,100
4211565,1,4211565,972,910,21,203
5149104,1,5149104,1256,1028,57,223
14231264,2,7115632,213,848,149,156
4091032,2,2045516,1320,1130,195,195
6214728,1,6214728,1442,1130,98,217
1334466,1,1334466,308,464,83,60
27125628,3,9041876,499,812,62,143
9455157,1,9455157,547,812,121,166
20033082,3,6677694,366,872,35,229
18850056,3,6283352,973,872,245,269
1324649,1,1324649,1024,686,185,135
12704400,3,4234800,1642,147,187,86
27226500,3,9075500,1649,147,130,43
6890318,1,6890318,683,345,10,46
8944803,1,8944803,708,345,31,204
11657025,3,3885675,1204,459,236,59
6187158,2,3093579,159,1090,146,182
25637433,3,8545811,1062,205,180,55
5279922,2,2639961,1650,205,13,264
16170344,2,8085172,522,792,77,9
12290682,2,6145341,1276,792,147,95
27673701,3,9224567,1348,384,205,114
618530,1,618530,1468,384,58,68
11003206,2,5501603,635,312,39,107
9182152,2,4591076,78,312,248,110
15724106,2,7862053,964,595,169,90
16596822,3,5532274,924,595,52,105
8878331,1,8878331,1391,588,96,150
29778390,3,9926130,1113,588,160,14
7163682,2,3581841,109,202,221,138
10711844,2,5355922,79,202,215,247
3111980,2,1555990,1338,1148,23,201
6279243,1,6279243,636,19,258,262
4674918,3,1558306,608,19,22,47
27882654,3,9294218,462,361,142,26
7967632,1,7967632,1733,361,97,265
10049668,2,5024834,1692,313,191,49
4841665,1,4841665,919,313,184,248
27211653,3,9070551,1596,748,61,200
14231444,2,7115722,1081,50,173,1
9190134,3,3063378,1651,270,48,208
23819997,3,7939999,47,289,42,226
14457039,3,4819013,53,289,239,93
19496403,3,6498801,318,582,122,203
1189125,1,1189125,1384,582,183,20
3831888,3,1277296,1114,372,228,104
7064261,1,7064261,1602,721,238,270
6895348,1,6895348,665,721,7,89
1524042,1,1524042,378,254,67,22
20266479,3,6755493,761,397,243,33
23016840,3,7672280,762,397,265,118
3099601,1,3099601,1063,793,45,166
9043640,2,4521820,1469,394,47,170
12837476,2,6418738,651,521,155,227
14467488,3,4822496,325,521,261,249
2362077,3,787359,1257,451,24,88
2346754,1,2346754,194,451,246,197
6408126,1,6408126,80,906,12,9
5850798,2,2925399,1349,906,77,215
20093703,3,6697901,783,443,152,184
10618472,2,5309236,1603,443,29,204
10532440,2,5266220,666,704,203,196
27274158,3,9091386,1721,704,139,271
1506321,3,502107,1053,725,136,172
13271070,2,6635535,1617,725,186,168
17938848,3,5979616,832,670,92,151
3565182,1,3565182,528,376,107,168
7509447,1,7509447,862,640,194,250
9618594,1,9618594,38,765,26,154
9411372,1,9411372,409,578,242,260
5676322,1,5676322,1693,545,207,272
19790116,2,9895058,228,277,154,18
9963706,2,4981853,267,277,16,12
17216700,2,8608350,1517,416,43,115
28655037,3,9551679,1652,271,159,150
26605503,3,8868501,1277,271,222,225
2263432,1,2263432,599,179,266,144
16567818,3,5522606,1232,506,102,91
5314854,3,1771618,1064,506,118,241
4209675,1,4209675,1425,866,69,133
5033528,1,5033528,1187,707,126,47
17357436,2,8678718,958,996,138,268
12476619,3,4158873,17,996,253,69
3450990,3,1150330,770,761,199,73
1437634,1,1437634,1701,761,109,209
13809580,2,6904790,39,899,93,232
2977984,1,2977984,2,184,108,131
13805534,2,6902767,533,1141,249,2
3681751,1,3681751,731,245,119,194
9543745,1,9543745,309,245,150,36
4358908,2,2179454,1339,125,226,27
6336897,3,2112299,1041,125,106,189
1234241,1,1234241,1188,1014,99,72
13110796,2,6555398,395,246,50,64
9175180,1,9175180,349,246,55,118
6922460,1,6922460,523,1131,220,134
8758656,3,2919552,1133,1131,80,222
11320484,2,5660242,491,434,172,44
6772522,1,6772522,637,452,209,62
2505504,1,2505504,1082,651,44,184
22497648,3,7499216,735,651,162,231
4239958,1,4239958,618,1004,175,132
8874869,1,8874869,1756,278,72,23
8540194,1,8540194,319,278,43,12
2805178,1,2805178,784,854,18,173
12179226,2,6089613,3,126,85,188
16171738,2,8085869,1734,465,90,174
1831088,2,915544,790,608,49,250
13934294,2,6967147,437,608,263,181
8780384,1,8780384,48,778,131,273
9009420,1,9009420,572,867,125,40
8396297,1,8396297,1308,867,75,65
230774,2,115387,585,346,19,74
7650808,2,3825404,379,346,267,178
882130,1,882130,481,583,63,63
11161014,2,5580507,331,498,250,263
27884529,3,9294843,1470,498,86,276
1445892,3,481964,268,925,6,261
5712936,2,2856468,1563,194,197,147
15252826,2,7626413,1414,1123,231,71
6545996,1,6545996,134,1123,8,7
1046322,2,523161,1006,837,219,187
27655845,3,9218615,1669,189,59,75
2567426,1,2567426,1534,189,204,152
8465900,1,8465900,652,1082,141,210
22987824,3,7662608,1757,807,89,97
24029529,3,8009843,1359,963,198,58
13584572,2,6792286,1278,1066,9,98
4026720,3,1342240,742,1066,230,31
19756170,3,6585390,1042,237,244,258
3946992,2,1973496,1543,237,188,153
14358195,3,4786065,463,1075,116,244
16041212,2,8020606,179,68,189,234
4408905,3,1469635,1115,166,165,179
12617286,2,6308643,1581,166,110,253
14183745,3,4727915,1407,307,259,235
9116480,1,9116480,1618,911,111,136
4394077,1,4394077,1604,911,34,24
4320316,1,4320316,1670,891,143,177
13903245,3,4634415,1830,891,148,202
7548524,1,7548524,338,945,5,42
2543978,2,1271989,875,80,57,111
7111300,1,7111300,983,80,149,38
12823790,2,6411895,1471,786,195,224
8320334,1,8320334,863,786,53,85
2183688,1,2183688,791,385,120,133
4298133,3,1432711,573,385,84,5
24649203,3,8216401,846,671,241,174
17594286,2,8797143,524,974,35,213
2542283,1,2542283,900,386,245,254
8238927,1,8238927,350,386,206,193
11212185,3,3737395,1233,726,130,109
4194435,1,4194435,684,726,10,54
11897544,3,3965848,1482,677,235,148
17799570,3,5933190,529,677,137,243
2754114,2,1377057,697,365,146,206
7014300,3,2338100,1007,247,54,113
255660,1,255660,1727,247,213,191
5808485,1,5808485,530,15,147,53
20785545,3,6928515,1267,362,58,211
6450024,2,3225012,785,362,182,71
1131322,2,565661,1794,634,202,159
7003291,1,7003291,1671,290,39,13
24145992,3,8048664,438,290,214,17
9184004,2,4592002,736,539,192,81
6156402,1,6156402,940,539,52,66
9244306,2,4622153,1116,206,17,220
3425558,1,3425558,251,444,71,165
8367989,1,8367989,792,444,221,255
1712630,2,856315,234,604,51,117
13917510,2,6958755,439,604,23,205
12845820,2,6422910,208,499,258,216
4488940,1,4488940,180,499,168,29
7979531,1,7979531,73,614,234,259
1993691,1,1993691,833,614,142,77
2027904,1,2027904,1443,1105,97,84
10085318,2,5042659,1065,1105,191,228
5666828,1,5666828,87,813,184,246
7940970,2,3970485,974,813,127,48
19615128,3,6538376,1795,104,173,137
8037818,2,4018909,1092,366,48,87
3283236,3,1094412,367,564,42,171
4713975,1,4713975,1134,564,101,202
23481786,3,7827262,1662,81,122,142
1618930,2,809465,1408,773,228,155
2626165,1,2626165,110,773,238,94
24336876,3,8112292,1031,514,93,221
4438278,2,2219139,1409,514,164,199
12742176,3,4247392,1619,460,7,183
12977602,2,6488801,1019,460,67,106
2276966,2,1138483,1156,534,243,76
5758576,1,5758576,557,534,79,239
3951923,1,3951923,1796,779,45,123
1106634,1,1106634,29,779,47,16
17029410,3,5676470,1234,326,196,257
9618034,1,9618034,667,326,246,192
3687822,2,1843911,146,800,12,39
5584847,1,5584847,1020,301,208,148
14394714,2,7197357,609,301,29,245
1925980,2,962990,1120,26,203,277
2382867,1,2382867,1430,26,139,32
11181320,2,5590660,1224,507,136,35
4010877,1,4010877,410,507,64,108
11531190,3,3843730,653,589,92,214
26759202,3,8919734,841,314,107,266
3388438,1,3388438,214,314,186,230
12409908,2,6204954,1083,220,14,211
3868980,2,1934490,295,220,242,207
28658523,3,9552841,269,260,112,70
16238960,2,8119480,864,738,207,176
9244356,2,4622178,4,738,158,161
19316154,2,9658077,586,4,16,100
1419756,1,1419756,1304,4,43,218
14535884,2,7267942,171,849,251,220
3972716,2,1986358,1385,849,159,223
2450338,1,2450338,358,949,222,156
9724176,2,4862088,1636,508,266,146
3118018,2,1559009,195,569,224,19
22871226,3,7623742,1431,148,69,158
23969172,3,7989724,884,148,120,143
19165328,2,9582664,1121,860,138,56
2321419,1,2321419,1735,860,193,135
16851660,3,5617220,574,230,109,43
8544438,2,4272219,1373,230,144,46
9396554,2,4698277,422,984,93,37
25965132,3,8655044,948,984,257,171
1200316,2,600158,252,23,249,182
3368813,1,3368813,1643,23,25,55
14113876,2,7056938,1702,127,119,212
9830183,1,9830183,531,127,99,189
1911273,3,637091,698,87,201,30
9416402,2,4708201,511,87,226,95
8836730,1,8836730,1458,51,106,114
9597689,1,9597689,1472,687,99,68
19511448,3,6503816,890,900,88,76
29121171,3,9707057,440,900,55,41
3505652,1,3505652,1032,143,1,107
28307304,3,9435768,1397,1091,220,110
13098728,2,6549364,1258,1091,80,236
14235956,2,7117978,1736,180,157,124
5550443,1,5550443,1624,180,209,105
27165489,3,9055163,399,44,174,162
29188608,3,9729536,1279,985,233,45
24586674,3,8195558,196,985,78,138
7543192,1,7543192,732,1002,162,28
7381760,1,7381760,1535,1002,175,238
13406360,2,6703180,1518,832,124,169
26598294,3,8866098,54,832,18,201
6871871,1,6871871,423,116,76,262
9420182,2,4710091,885,116,85,80
22304289,3,7434763,654,500,263,265
4731537,1,4731537,1054,808,131,49
26065980,3,8688660,575,808,125,248
2021596,2,1010798,693,658,56,240
1392885,3,464295,1189,658,75,1
6364987,1,6364987,1117,1067,19,208
9765765,1,9765765,1432,1149,212,218
1287088,1,1287088,1491,1149,202,134
3056898,3,1018966,197,550,63,20
22310235,3,7436745,1259,5,250,104
7205844,3,2401948,1797,171,86,270
8300430,1,8300430,1043,171,197,89
19539196,2,9769598,1166,109,160,231
1890776,2,945388,600,20,8,166
14296038,2,7148019,1644,20,219,170
3272100,3,1090700,901,36,140,227
14208710,2,7104355,1605,36,142,273
6323832,3,2107944,677,322,59,249
16918773,3,5639591,548,322,103,237
5745982,2,2872991,1225,172,89,9
4346106,1,4346106,1328,172,198,215
14538244,2,7269122,310,540,122,263
7065574,2,3532787,1205,540,65,37
8672176,1,8672176,1483,901,9,196
1659618,2,829809,786,901,244,172
5461590,2,2730795,1398,435,174,62
17649146,2,8824573,215,435,91,92
8682432,1,8682432,1597,24,188,151
26993892,3,8997964,1783,24,116,168
7163899,1,7163899,847,417,217,154
14987548,2,7493774,424,417,29,31
3072957,1,3072957,912,1020,110,21
8956949,1,8956949,1625,1020,259,272
7217151,3,2405717,1484,551,133,112
17253633,3,5751211,1527,551,26,253
11622186,2,5811093,1066,641,34,12
7803453,1,7803453,5,641,143,115
19224651,3,6408217,1776,902,256,162
15231956,2,7615978,1167,620,57,225
29809104,3,9936368,181,522,149,121
6639066,2,3319533,1485,522,159,38
5639958,2,2819979,339,557,195,144
8097915,3,2699305,359,557,98,15
9541932,3,3180644,235,461,190,241
7574786,1,7574786,1824,461,83,133
6865194,3,2288398,500,82,84,256
1784735,1,1784735,638,82,126,129
22519947,3,7506649,270,429,264,80
7886144,2,3943072,1280,429,241,47
349526,1,349526,808,1083,35,268
9672447,3,3224149,865,1083,245,34
3027222,1,3027222,464,88,227,206
1464319,1,1464319,1374,1094,206,209
6375040,1,6375040,1509,1111,130,221
7823304,3,2607768,1498,1111,10,232
9518214,1,9518214,655,515,2,226
7448026,2,3724013,913,515,55,13
9643727,1,9643727,229,405,236,2
11103922,2,5551961,216,1150,180,194
12080535,3,4026845,465,1150,13,233
14341460,2,7170730,1104,1044,213,27
18270696,3,6090232,111,696,44,255
8850410,2,4425205,1084,696,205,72
5165328,3,1721776,501,468,177,33
29103405,3,9701135,1329,468,202,242
4341243,1,4341243,103,688,39,134
1331514,2,665757,549,1005,49,84
946626,1,946626,1392,1005,248,222
3951769,1,3951769,989,1015,169,3
8873398,2,4436699,1703,1015,214,79
14598236,2,7299118,1350,406,192,62
523765,1,523765,1528,406,52,50
18667524,2,9333762,1582,596,267,128
12686360,2,6343180,753,596,160,127
1457835,1,1457835,1321,255,85,11
1512679,1,1512679,1606,255,215,8
8412846,1,8412846,793,296,15,173
9454887,1,9454887,1473,445,234,250
9927018,1,9927018,719,445,142,181
27861795,3,9287265,236,110,97,273
12375153,3,4125051,626,110,127,65
5803186,2,2901593,448,621,217,207
5741370,3,1913790,914,780,173,74
9378756,1,9378756,990,780,4,115
3829077,1,3829077,1330,27,101,178
5339272,1,5339272,1368,27,122,63
2186159,1,2186159,817,574,183,263
2349414,3,783138,135,239,228,276
4359082,1,4359082,991,239,240,57
798600,1,798600,1195,493,164,147
4186433,1,4186433,1663,430,67,125
4118441,1,4118441,709,430,241,56
16902318,3,5634106,121,697,129,256
7682953,1,7682953,340,937,79,7
16163871,3,5387957,1653,431,45,187
6567519,1,6567519,891,431,47,122
3086199,3,1028733,771,1098,24,52
773370,2,386685,1242,678,196,210
6757582,1,6757582,1831,57,237,232
20381646,3,6793882,834,418,29,98
5501066,2,2750533,1784,418,139,258
20558646,3,6852882,1536,1021,30,141
5880062,2,2940031,1180,1021,64,153
6676518,3,2225506,1620,781,71,138
4716180,1,4716180,1519,1076,92,244
15259290,3,5086430,1085,546,107,234
15299630,2,7649815,1105,546,112,235
10784660,2,5392330,1758,1055,154,96
9838939,1,9838939,1574,652,260,136
6480690,2,3240345,152,652,16,177
341128,2,170564,1637,787,101,20
2672576,2,1336288,678,787,81,50
14912856,2,7456428,18,28,159,111
573260,1,573260,1499,28,20,224
9112182,1,9112182,1759,570,132,74
14865483,3,4955161,271,398,79,170
17356910,2,8678455,1798,398,102,251
5429292,1,5429292,1529,1084,224,198
394149,1,394149,289,323,118,103
693802,1,693802,1530,323,69,5
20009418,3,6669806,1386,469,60,188
22099773,3,7366591,147,351,66,174
18326772,2,9163386,965,351,208,196
6991308,2,3495654,351,347,253,254
4808656,2,2404328,1433,352,199,149
16911087,3,5637029,1583,352,225,193
3413709,3,1137903,512,597,14,260
4377730,2,2188865,601,436,109,109
13501758,2,6750879,224,1151,257,243
27236946,3,9078982,668,1115,227,186
1589669,1,1589669,296,1115,249,206
8817572,1,8817572,1251,912,251,225
4594208,1,4594208,1434,912,25,51
17273871,3,5757957,1722,419,150,219
7550560,1,7550560,1033,975,201,191
9062583,1,9062583,1444,975,106,130
8765382,1,8765382,198,1142,66,268
8396223,1,8396223,1235,1142,179,125
363498,1,363498,1459,1116,88,71
14665640,2,7332820,1055,302,55,159
8311743,3,2770581,818,302,1,13
6379479,3,2126493,1819,399,220,99
7818633,3,2606211,74,399,172,6
16935201,3,5645067,1598,1056,163,17
1863259,1,1863259,754,1056,157,81
23562717,3,7854239,160,986,209,66
4386508,2,2193254,794,986,135,58
14603685,3,4867895,532,149,233,165
11941370,2,5970685,1672,782,88,242
860789,1,860789,1190,921,44,25
1241180,2,620590,1474,150,78,255
16800074,2,8400037,1435,150,124,101
1397563,1,1397563,1673,1068,18,205
9479098,2,4739549,848,327,76,216
18138627,3,6046209,272,327,145,259
23134212,3,7711404,1135,598,49,77
14471634,2,7235817,1281,598,263,84
4533018,3,1511006,297,896,145,181
12731434,2,6365717,332,896,131,228
15725676,3,5241892,558,181,100,102
18205968,2,9102984,1654,181,56,48
25054869,3,8351623,1136,483,75,137
5217794,1,5217794,1410,877,19,87
9179190,3,3059730,441,788,212,63
9356885,1,9356885,1008,788,212,202
4954303,1,4954303,1460,207,267,142
23814543,3,7938181,1196,207,63,128
20119176,3,6706392,1764,897,250,155
20098230,3,6699410,1393,282,6,252
1115865,3,371955,639,282,46,199
3475515,1,3475515,992,679,197,183
9250976,2,4625488,1626,679,104,106
1022362,1,1022362,280,420,94,239
17232402,2,8616201,1520,420,65,98
736926,2,368463,1360,1092,219,16
12564672,3,4188224,694,1095,140,185
1171358,1,1171358,1492,446,204,267
10382696,2,5191348,1811,272,103,257
8025442,2,4012721,341,272,161,179
21112329,3,7037443,1785,997,141,192
3678913,1,3678913,380,997,89,39
21804849,3,7268283,1168,484,65,148
4070808,1,4070808,801,484,232,245
4857048,2,2428524,1713,789,9,277
7964170,2,3982085,19,789,256,111
8153345,1,8153345,1137,45,171,180
19307094,2,9653547,88,45,91,108
27943230,3,9314410,1500,609,188,214
16850778,2,8425389,619,609,116,266
19630850,2,9815425,1331,1025,264,213
12536596,2,6268298,1034,1025,32,130
1865274,3,621758,199,731,161,211
7780268,1,7780268,20,731,217,175
19647284,2,9823642,1146,878,165,207
7034814,2,3517407,993,878,110,70
8636598,2,4318299,342,407,2,186
9139185,1,9139185,1575,407,133,274
9632295,3,3210765,627,566,111,161
2717264,1,2717264,755,566,34,100
4013044,2,2006522,720,1022,70,66
4013704,2,2006852,66,1016,5,223
9810558,3,3270186,809,1016,57,156
3141089,1,3141089,902,1029,149,195
2503041,1,2503041,1236,1029,53,217
1910037,3,636679,60,879,98,19
12894642,3,4298214,502,879,166,25
7324987,1,7324987,984,814,190,60
17994549,3,5998183,1475,814,113,216
10290584,2,5145292,1501,73,264,29
1962370,1,1962370,1655,73,241,229
4815214,2,2407607,513,95,114,269
8419928,1,8419928,892,95,187,120
2398611,1,2398611,1674,926,206,43
3510889,1,3510889,1537,926,4,142
20032434,3,6677478,1309,1042,229,87
8902988,2,4451494,1704,1042,2,171
5498931,3,1832977,550,195,137,59
8193938,1,8193938,1627,195,236,182
12944730,3,4314910,1607,833,198,97
10668876,2,5334438,802,367,129,123
4852780,1,4852780,261,367,54,264
5687952,3,1895984,1206,705,13,30
22982112,3,7660704,470,705,147,114
4756842,2,2378421,172,151,182,41
8194514,2,4097257,1293,151,202,107
1681622,1,1681622,1521,37,39,110
8105433,3,2701811,819,52,40,90
8184342,1,8184342,352,52,105,175
4152994,2,2076497,333,196,214,124
24716376,3,8238792,829,196,71,14
6950547,1,6950547,1476,377,156,247
16395304,2,8197652,368,665,215,169
2474385,3,824795,67,665,15,201
19641387,3,6547129,640,903,23,262
2525831,1,2525831,835,903,60,229
2945306,1,2945306,876,927,115,266
23239323,3,7746441,237,599,36,230
22218969,3,7406323,320,599,234,26
1934226,3,644742,1243,659,142,265
14558850,2,7279425,903,659,97,49
9155025,3,3051675,353,516,178,59
2414785,1,2414785,81,516,61,240
9875101,1,9875101,1351,815,127,1
8749140,3,2916380,82,815,173,208
9813516,1,9813516,656,558,128,100
3796049,1,3796049,587,558,4,218
14888976,3,4962992,576,159,179,41
15407670,3,5135890,1073,159,101,203
12463830,3,4154610,1074,976,122,20
4375707,3,1458569,772,976,183,104
13947848,2,6973924,503,938,238,163
22958067,3,7652689,1075,938,135,14
1791030,1,1791030,685,152,7,22
18149337,3,6049779,1191,494,79,166
1441488,1,1441488,1832,393,45,170
6981696,3,2327232,959,1143,47,227
14458628,2,7229314,1138,1143,261,88
6984864,2,3492432,209,58,24,237
15720604,2,7860302,253,58,246,9
8014593,1,8014593,75,523,218,46
4935354,2,2467677,525,208,237,37
23853315,3,7951105,238,208,208,204
11820578,2,5910289,112,308,203,271
18991178,2,9495589,866,308,189,244
2488763,1,2488763,1207,801,262,166
9647960,1,9647960,830,855,30,92
4505054,2,2252527,369,182,92,168
26891523,3,8963841,773,907,105,68
2594596,1,2594596,1197,680,252,204
28091703,3,9363901,1679,680,14,154
2319903,1,2319903,1375,977,154,112
5609846,2,2804923,1510,977,32,154
4342526,1,4342526,1714,727,260,83
7636791,1,7636791,30,727,158,12
982629,1,982629,641,694,251,150
8461623,1,8461623,83,694,266,91
6633454,1,6633454,1181,856,102,15
5303990,2,2651995,610,856,224,241
7842499,1,7842499,534,449,113,47
19375632,3,6458544,449,449,117,262
319262,2,159631,1705,655,60,80
5204886,2,2602443,311,698,66,47
5798275,1,5798275,1399,530,229,93
736620,2,368310,679,530,199,61
10719476,2,5359738,1157,96,109,221
1338147,1,1338147,1268,96,178,226
1011480,2,505740,76,333,41,118
3290799,3,1096933,1098,333,257,93
4916778,1,4916778,803,861,227,2
1729269,1,1729269,1544,635,249,190
2298897,3,766299,1369,635,3,184
11406252,2,5703126,381,600,201,27
22596384,3,7532128,1531,600,226,189
5418394,1,5418394,1445,531,170,22
3543648,3,1181216,1198,531,179,33
16951182,3,5650394,84,653,88,118
16207740,3,5402580,182,10,115,250
23525034,3,7841678,588,1009,80,44
19976336,2,9988168,774,1009,172,3
5326101,3,1775367,1093,328,163,79
5143059,3,1714353,161,328,157,62
15426514,2,7713257,281,642,128,178
6794711,1,6794711,217,642,135,215
13155981,3,4385327,40,552,233,184
18310262,2,9155131,382,552,44,127
19849948,2,9924974,1426,283,143,24
7415464,1,7415464,1376,283,72,8
18375622,2,9187811,370,153,18,11
28350189,3,9450063,686,153,211,168
2729702,2,1364851,960,708,247,82
5885097,3,1961699,471,432,218,131
1095368,2,547684,1169,1026,145,250
3826662,2,1913331,239,29,263,273
798371,1,798371,1086,1045,125,164
2679588,3,893196,183,1045,100,10
4328047,1,4328047,162,1124,11,64
5623406,1,5623406,298,1124,56,65
5897132,2,2948566,1147,571,210,12
6973684,2,3486842,514,571,33,115
27016929,3,9005643,551,1152,212,178
4024362,3,1341454,710,1152,267,63
4067332,1,4067332,1067,883,28,42
8119439,1,8119439,68,883,63,263
616018,2,308009,695,517,86,261
7905878,1,7905878,721,517,6,57
22715907,3,7571969,849,240,197,160
19215370,2,9607685,1340,240,117,174
14312230,2,7156115,1226,643,74,133
6726654,1,6726654,699,1017,262,256
4087496,2,2043748,482,1017,94,7
18880134,3,6293378,299,97,8,187
4002375,3,1334125,743,97,68,243
18812372,2,9406186,994,488,59,152
9731832,2,4865916,425,488,204,52
3424744,1,3424744,820,83,103,210
3362029,1,3362029,1737,913,141,97
6365796,3,2121932,1786,913,37,221
21753009,3,7251003,589,766,170,71
9007548,3,3002516,240,766,232,98
19571838,3,6523946,620,133,9,31
15259797,3,5086599,1139,231,171,141
8912312,2,4456156,1294,267,167,189
8184657,1,8184657,700,267,165,253
8532678,2,4266339,386,30,216,96
12650379,3,4216793,1068,908,111,24
902716,2,451358,756,908,210,202
10537488,2,5268744,188,264,70,50
7543950,2,3771975,602,264,5,111
17788070,2,8894035,492,1052,57,38
27486141,3,9162047,1769,1052,195,85
19710144,2,9855072,1706,297,53,251
15669614,2,7834807,290,297,98,198
19474533,3,6491511,1564,89,190,103
6485847,3,2161949,1295,644,153,11
7899765,3,2633255,326,644,113,188
11154554,2,5577277,590,1077,37,148
25855152,3,8618384,1341,774,241,213
5109932,2,2554966,1192,739,35,129
19645242,3,6548414,1400,739,245,167
9566388,2,4783194,535,256,167,211
10229682,3,3409894,1099,256,187,193
5377184,2,2688592,343,950,206,109
17561478,2,8780739,387,713,87,74
7707708,2,3853854,591,713,2,243
9643741,1,9643741,383,559,137,186
11159985,3,3719995,1216,559,255,220
756130,2,378065,1322,709,236,206
10043608,2,5021804,1252,842,180,113
13963694,2,6981847,360,842,153,29
21192432,3,7064144,949,560,73,160
20704056,3,6901352,592,886,177,71
14722240,2,7361120,1451,1069,202,13
18803154,3,6267718,722,1069,87,171
6392002,2,3196001,241,969,248,275
2777340,2,1388670,49,969,169,17
16603584,2,8301792,1621,185,214,81
1224224,2,612112,1812,1006,3,58
7346559,1,7346559,737,1006,166,165
6430716,1,6430716,1777,605,160,255
6450877,1,6450877,893,605,156,145
11547286,2,5773643,1323,324,215,101
13805586,2,6902793,282,329,27,244
16088542,2,8044271,1069,329,115,234
5573732,1,5573732,1806,261,36,259
3396415,1,3396415,1522,794,142,84
10324128,2,5162064,1122,794,184,102
7373736,1,7373736,1741,829,61,48
10249968,3,3416656,1584,829,128,177
3234890,1,3234890,104,158,4,202
513083,1,513083,1009,158,101,142
19477396,2,9738698,1394,186,228,94
21888990,3,7296330,821,186,164,183
6576128,2,3288064,1664,223,121,103
16365546,2,8182773,941,223,200,5
2368511,1,2368511,1436,887,129,239
14614923,3,4871641,1765,887,45,16
17408562,2,8704281,1035,561,261,267
12844128,2,6422064,995,660,24,257
28839432,3,9613144,975,775,196,192
11687542,2,5843771,1638,776,31,109
1916646,1,1916646,1738,776,218,54
19789761,3,6596587,1787,268,237,148
1167288,3,389096,996,268,208,245
5345219,1,5345219,559,462,29,277
5028079,1,5028079,1778,462,139,35
4380506,1,4380506,1025,421,136,180
3937331,1,3937331,560,203,30,108
4257825,3,1419275,1415,203,64,214
3223632,3,1074544,254,979,134,53
19956204,3,6652068,744,898,260,161
12200662,2,6100331,642,139,96,81
19051425,3,6350475,961,144,28,66
8710705,1,8710705,1461,144,81,220
24008736,3,8002912,1820,1046,251,223
11312878,2,5656439,1723,74,159,156
8513511,1,8513511,442,989,20,146
5823668,2,2911834,450,1153,102,19
2244035,1,2244035,985,1153,117,216
20377248,3,6792416,163,408,60,29
6710574,2,3355287,1296,437,66,229
20868240,3,6956080,1585,437,126,56
6605147,1,6605147,1070,31,253,135
7008640,1,7008640,21,31,193,86
24960051,3,8320017,1628,790,199,120
9443751,3,3147917,1106,790,225,43
1397660,2,698830,312,470,239,137
3313784,2,1656892,1217,666,68,87
6013572,2,3006786,1833,892,178,171
1064642,1,1064642,561,892,257,59
14383581,3,4794527,795,656,227,182
14125293,3,4708431,1076,656,25,212
11398706,2,5699353,113,553,119,264
19922738,2,9961369,925,553,150,30
12224948,2,6112474,926,248,201,95
8591331,1,8591331,1269,248,265,183
4378700,1,4378700,1629,38,179,76
5410099,1,5410099,577,509,88,41
8234393,1,8234393,1310,509,55,107
672494,1,672494,562,699,220,236
18586362,2,9293181,1148,699,80,90
6597000,1,6597000,230,1106,172,126
9708437,1,9708437,1477,1106,181,39
3422245,1,3422245,1123,111,135,45
2785750,1,2785750,886,160,44,138
2519270,2,1259635,1462,160,175,247
1526846,1,1526846,1140,475,72,169
4431368,1,4431368,1511,475,124,201
6674538,2,3337269,563,767,211,266
2674500,2,1337250,1244,273,247,230
10601488,2,5300744,578,964,145,26
7968813,1,7968813,1087,939,49,265
1862253,1,1862253,344,154,131,248
24839778,3,8279926,361,154,125,200
112246,1,112246,426,816,56,1
17398632,3,5799544,804,816,123,161
17503942,2,8751971,1502,476,210,100
2870595,3,956865,950,476,33,218
7013124,1,7013124,451,134,212,203
2656854,3,885618,657,134,267,20
16979252,2,8489626,411,161,86,163
24362178,3,8120726,1260,167,46,89
3819603,1,3819603,1586,167,151,60
15885976,2,7942988,255,368,74,158
3197417,1,3197417,745,636,262,143
16927332,3,5642444,669,636,8,170
2398282,2,1199141,89,1099,140,249
3506007,1,3506007,1766,1018,59,88
2083892,2,1041946,966,1018,204,237
27957369,3,9319123,1282,873,103,197
4611630,2,2305815,976,873,108,43
9049002,3,3016334,1753,951,252,37
5608623,3,1869541,904,98,232,196
5978034,3,1992678,210,369,52,81
4374748,1,4374748,536,369,244,119
575341,1,575341,1746,224,171,92
4796736,1,4796736,31,224,91,151
7755909,3,2585303,1707,363,50,95
1117884,3,372628,396,363,167,114
2163135,1,2163135,1708,594,32,68
5730373,1,5730373,1141,952,161,154
7473819,3,2491273,1587,952,217,260
1966407,1,1966407,90,654,110,272
9519982,1,9519982,1416,291,259,18
6343528,1,6343528,1036,1057,216,112
19794014,2,9897007,997,1057,133,83
11071452,3,3690484,1821,495,176,124
485030,2,242515,1342,857,255,105
13198065,3,4399355,1324,857,70,162
19984848,2,9992424,1512,817,149,144
2616456,1,2616456,1158,817,53,15
18946656,3,6315552,1680,622,90,201
2744649,1,2744649,1343,622,153,262
2077165,1,2077165,822,795,113,80
2718268,1,2718268,493,510,264,47
15077118,2,7538559,1538,510,241,268
12520536,2,6260268,1523,768,114,34
1106300,2,553150,537,173,245,73
14117661,3,4705887,1077,173,185,61
1134198,2,567099,327,190,187,209
8843133,1,8843133,504,190,38,1
1478854,2,739427,1694,623,229,226
8914706,2,4457353,41,1096,2,93
7622398,1,7622398,1709,1096,137,2
1418879,1,1418879,1182,334,146,194
8297402,1,8297402,920,309,180,36
9083644,2,4541822,1599,309,54,233
6473726,1,6473726,242,335,13,27
6186812,1,6186812,763,373,231,89
1261306,1,1261306,887,373,73,22
29113914,3,9704638,1532,409,41,33
2383197,1,2383197,1044,532,177,118
3744641,1,3744641,452,681,39,222
26759610,3,8919870,850,681,248,44
4004193,3,1334731,894,39,40,3
10287849,3,3429283,91,438,169,79
1537290,3,512430,483,438,82,197
8677097,1,8677097,1332,868,254,9
3149218,1,3149218,905,524,3,215
6511723,1,6511723,1401,689,166,184
2232010,1,2232010,1352,46,71,127
15457020,3,5152340,1524,46,258,205
6453537,3,2151179,1813,645,221,132
7263872,2,3631936,200,645,51,23
1200616,1,1200616,723,257,156,8
9633912,2,4816956,836,257,215,173
9662865,1,9662865,128,489,223,151
9864716,2,4932358,1056,489,27,168
4232991,1,4232991,6,279,115,82
16504464,3,5501488,1045,279,97,40
5653611,1,5653611,1715,1085,184,10
3198540,3,1066180,724,535,61,65
27176325,3,9058775,1550,818,148,83
6687048,3,2229016,1333,818,21,12
8014856,2,4007428,243,84,228,261
1922186,1,1922186,1124,84,238,57
8638572,2,4319286,701,819,240,147
24169257,3,8056419,538,819,62,241
17066514,3,5688838,1245,783,121,133
3182328,1,3182328,687,783,129,7
10283534,2,5141767,1046,940,79,187
7134171,3,2378057,1107,940,47,75
6479302,2,3239651,105,99,155,152
13290276,3,4430092,1739,99,261,52
2656204,2,1328102,1353,834,24,210
5666511,1,5666511,603,834,235,209
8590743,3,2863581,189,722,31,221
5253078,3,1751026,1125,722,218,232
3508984,1,3508984,1078,410,208,98
11337774,2,5668887,1825,410,203,258
25750338,3,8583446,1246,315,139,140
16634625,3,5544875,1354,315,136,141
25732437,3,8577479,579,411,58,27
1660874,1,1660874,1227,69,11,72
8238429,3,2746143,484,928,14,179
28847274,3,9615758,611,769,242,235
8621918,2,4310959,1716,769,207,96
16722688,2,8361344,1261,265,17,79
16872384,3,5624128,906,265,96,62
28942212,3,9647404,494,232,28,50
19930602,2,9965301,1228,843,251,111
16878962,2,8439481,273,843,48,137
5889531,3,1963177,628,90,222,224
3605282,1,3605282,218,90,266,251
10592974,2,5296487,283,105,102,198
2815512,3,938504,1437,135,168,173
6947409,3,2315803,485,749,22,11
26456838,3,8818946,604,749,117,188
492495,1,492495,1807,667,60,174
19774090,2,9887045,362,162,66,213
9245748,1,9245748,427,990,138,254
10055328,3,3351776,1199,990,253,167
13669080,2,6834540,1760,339,193,149
11000572,2,5500286,1283,336,42,65
18121749,3,6040583,136,117,239,74
12729795,3,4243265,539,117,68,116
7449370,2,3724685,1788,204,178,243
16250655,3,5416885,1325,732,257,186
12209884,2,6104942,137,624,25,113
9753154,1,9753154,42,378,119,219
8789076,2,4394538,1728,378,150,191
10901283,3,3633761,388,241,243,147
13058781,3,4352927,1513,59,1,99
2603689,1,2603689,384,59,220,275
7404518,2,3702259,1417,422,80,6
5907291,1,5907291,823,422,172,17
2287310,1,2287310,1047,980,152,97
26421006,3,8807002,831,980,181,58
6403419,3,2134473,1545,471,135,165
8656704,3,2885568,810,661,233,25
8270331,1,8270331,1478,215,78,117
6966456,2,3483228,1149,695,162,157
5365482,1,5365482,164,695,175,145
792051,3,264017,7,562,194,244
605475,3,201825,1503,562,211,234
3338625,3,1112875,22,554,145,77
6803236,2,3401618,1048,1058,263,228
3862100,1,3862100,967,40,131,246
6836634,1,6836634,8,610,125,102
6558027,3,2186009,1463,610,100,48
19975950,2,9987975,1681,615,210,177
18009496,2,9004748,1159,615,33,202
6868940,1,6868940,1150,625,212,142
110318,1,110318,1656,844,63,155
19749408,2,9874704,1675,844,250,94
750595,1,750595,201,1154,86,252
22819110,3,7606370,927,400,120,198
4447597,1,4447597,466,733,151,103
17375382,3,5791794,1639,733,262,239
9592556,1,9592556,1370,858,94,123
2847247,1,2847247,284,858,204,257
5740231,1,5740231,92,340,93,193
540651,3,180217,114,128,108,109
6220644,1,6220644,1770,11,37,54
279928,1,279928,1729,472,252,148
18880437,3,6293479,907,631,9,32
24097389,3,8032463,313,447,230,35
14728632,3,4909544,122,447,244,180
8462551,1,8462551,274,750,171,108
22956720,3,7652240,1237,330,99,191
11418932,2,5709466,505,941,50,53
6062757,3,2020919,1010,387,167,130
2142415,1,2142415,1645,387,32,211
18031704,2,9015852,1646,233,161,175
5822465,1,5822465,1100,1059,165,70
26285466,3,8761822,1814,1059,110,176
5997976,2,2998988,1464,75,259,139
14824880,2,7412440,453,991,216,274
18486910,2,9243455,1539,991,174,17
10442638,2,5221319,842,956,176,81
19590816,3,6530272,837,956,255,66
21127932,3,7042644,334,1155,70,220
19645278,3,6548426,129,1155,256,223
13403368,2,6701684,23,337,57,195
29227953,3,9742651,629,284,195,217
16699206,3,5566402,1588,284,90,205
4992132,3,1664044,1377,1078,113,29
12924729,3,4308243,564,784,264,229
21108186,3,7036062,1446,784,114,135
19782228,3,6594076,173,682,185,120
12941846,2,6470923,400,953,132,48
18529414,2,9264707,371,953,38,137
3706613,1,3706613,454,572,87,87
4960610,1,4960610,106,572,229,171
17791749,3,5930583,32,511,2,59
14208170,2,7104085,867,511,236,55
8652921,3,2884307,1427,662,146,212
14116226,2,7058113,711,662,180,264
24939225,3,8313075,372,41,95,199
1018690,1,1018690,1218,496,231,183
4556011,1,4556011,256,496,73,106
6627355,1,6627355,1695,473,41,76
2569118,2,1284559,1057,473,177,41
5502771,1,5502771,184,541,202,110
27904578,3,9301526,805,914,39,236
29546586,3,9848862,951,388,248,90
9541679,1,9541679,712,388,40,126
12945492,3,4315164,928,915,82,192
4301122,2,2150561,61,690,3,45
28322907,3,9440969,1200,690,160,28
12101712,3,4033904,174,249,221,238
2734569,1,2734569,1411,249,51,247
17144544,3,5714848,746,70,223,214
7205130,2,3602565,1142,70,115,230
13877574,2,6938787,868,802,36,26
7370323,1,7370323,1657,802,142,49
4553745,3,1517915,929,770,143,274
8786484,1,8786484,1815,439,148,161
1575710,2,787855,1094,439,21,100
26277687,3,8759229,1658,42,4,203
4800009,1,4800009,1452,518,183,270
9387408,2,4693704,467,401,238,67
19268528,2,9634264,1361,401,84,19
2693650,1,2693650,412,395,121,158
15300512,2,7650256,1493,395,200,143
2145815,1,2145815,643,364,129,166
24232686,3,8077562,413,43,45,227
2533330,1,2533330,1101,1079,47,249
18341554,2,9170777,455,1079,155,88
8137212,2,4068606,1126,916,261,237
7857274,2,3928637,680,916,235,43
27271989,3,9090663,1108,723,31,46
12692734,2,6346367,1049,723,218,37
7259016,2,3629508,1284,60,237,204
10997361,3,3665787,185,60,29,271
28693191,3,9564397,1418,353,203,172
22238241,3,7412747,702,353,139,119
27872751,3,9290917,1428,1060,136,92
13975350,3,4658450,428,450,205,30
2027358,2,1013679,130,450,58,95
1391762,1,1391762,1285,1132,134,114
16884642,3,5628214,506,1132,11,68
1988116,2,994058,300,197,105,154
7504486,2,3752243,930,197,26,21
12812390,2,6406195,1334,285,242,272
8214262,1,8214262,373,285,112,18
8464536,2,4232268,93,616,207,112
8532681,3,2844227,1747,1133,52,126
7526731,1,7526731,24,1133,96,105
18536784,3,6178928,580,740,28,162
15778162,2,7889081,688,740,81,150
8652050,1,8652050,552,25,159,121
23656572,3,7885524,747,25,222,144
13940379,3,4646793,612,796,20,91
1852696,2,926348,374,525,258,169
6238932,1,6238932,593,525,168,201
5024274,1,5024274,1419,348,117,80
2167212,3,722404,9,348,60,47
1905414,2,952707,165,701,126,69
3679016,1,3679016,1335,701,138,34
5044983,3,1681661,748,242,253,73
4420992,1,4420992,138,663,193,61
3019029,1,3019029,1229,663,42,1
9992208,2,4996104,1160,942,239,208
5313843,3,1771281,1109,942,68,226
9918502,2,4959251,515,225,178,93
12790714,2,6395357,621,519,227,190
18662240,2,9331120,202,519,249,194
3692235,3,1230745,516,970,25,36
307458,2,153729,1565,970,67,67
1123825,1,1123825,1717,1027,243,89
28686045,3,9562015,1118,6,170,33
12487035,3,4162345,908,6,179,118
13301616,3,4433872,1816,1086,55,134
11539143,3,3846381,10,820,1,222
18797763,3,6265921,1589,140,80,3
9892344,3,3297448,472,637,181,215
1185524,2,592762,1088,637,135,184
5928623,1,5928623,1566,821,44,231
6686346,2,3343173,931,821,78,132
10034872,2,5017436,540,262,162,23
16819923,3,5606641,190,226,175,8
2545818,3,848606,401,226,107,92
3745426,2,1872713,107,710,194,168
5292186,1,5292186,968,1114,211,82
7781997,3,2593999,1420,512,263,40
933846,1,933846,1799,512,131,164
26641407,3,8880469,1659,141,125,10
14333481,3,4777827,1676,542,210,115
29104182,3,9701394,363,542,33,178
15373923,3,5124641,1640,1093,267,263
12162555,3,4054185,977,100,63,276
16171360,2,8085680,1551,100,250,261
14283456,2,7141728,1089,490,69,15
11257083,3,3752361,757,490,8,122
6506846,1,6506846,203,971,219,75
820540,1,820540,1161,971,140,152
6064806,1,6064806,594,1061,144,61
295120,2,147560,204,1061,93,209
8060510,2,4030255,1800,822,108,221
7167374,2,3583687,696,822,37,232
6607616,1,6607616,166,423,252,131
27373935,3,9124645,1677,657,232,31
18681285,3,6227095,1590,657,9,258
9113392,1,9113392,1438,672,230,140
29245743,3,9748581,1552,1125,244,141
27205020,3,9068340,1170,112,106,233
4763922,3,1587974,1748,809,99,27
2475576,2,1237788,69,809,50,189
18846993,3,6282331,932,626,167,72
11136476,2,5568238,62,7,32,64
8358033,1,8358033,285,7,217,253
25413093,3,8471031,244,741,110,78
1362898,1,1362898,1514,1030,259,96
857333,1,857333,1011,1100,209,3
4893280,2,2446640,806,1144,174,79
8087798,2,4043899,1286,1144,70,42
1826850,3,608950,495,965,69,60
26346189,3,8782063,414,965,5,38
14758116,2,7379058,644,1112,57,224
6666064,2,3333032,1297,1112,149,85
24546006,3,8182002,473,412,195,251
22058883,3,7352961,1344,412,85,173
29062869,3,9687623,1262,16,90,11
24282477,3,8094159,25,32,153,188
12706496,2,6353248,1749,292,241,129
1490532,1,1490532,1553,1003,35,254
3215803,1,3215803,1808,673,114,167
2493076,1,2493076,1439,673,245,149
12167115,3,4055705,443,992,19,10
10930779,3,3643593,314,992,132,65
11007280,2,5503640,26,129,38,74
16986690,2,8493345,486,129,87,116
5761937,1,5761937,507,838,229,243
25757136,3,8585712,838,1117,137,206
24876672,3,8292224,11,1117,236,51
8376524,1,8376524,191,880,180,219
7862894,2,3931447,713,880,104,57
6483099,3,2161033,429,567,95,147
5248404,2,2624202,658,567,41,71
7074852,1,7074852,257,136,182,13
15652146,2,7826073,1355,797,39,275
7528299,1,7528299,1395,797,248,6
8561936,2,4280968,851,466,198,210
1021566,1,1021566,375,929,82,97
7740377,1,7740377,315,929,254,58
8997126,3,2999042,517,520,3,165
26693064,3,8897688,153,1134,71,255
14179306,2,7089653,1298,1134,160,117
8766677,1,8766677,1090,76,221,157
1297858,1,1297858,605,379,51,145
15599949,3,5199983,622,379,116,141
14384055,3,4794685,787,216,115,259
26242311,3,8747437,385,216,234,84
9946293,3,3315431,839,303,97,246
1794492,1,1794492,167,1047,191,102
313401,1,313401,811,1047,34,96
19991650,2,9995825,1682,1156,148,24
9142867,1,9142867,1079,1156,21,177
9851706,3,3283902,1826,130,128,202
19924618,2,9962309,749,130,144,43
319035,3,106345,1299,424,101,128
19362792,3,6454264,1801,137,122,155
7084610,1,7084610,998,714,228,252
6702328,2,3351164,1494,402,62,103
1841594,1,1841594,1311,402,121,5
18425982,2,9212991,581,771,200,239
17715573,3,5905191,430,771,79,16
28256700,3,9418900,1540,440,45,185
25246338,3,8415446,1567,440,47,4
11571686,2,5785843,1387,106,130,149
19694214,3,6564738,1696,1062,10,193
2300537,1,2300537,670,1062,235,109
1880148,1,1880148,852,198,31,54
8790030,1,8790030,487,198,218,148
7398601,1,7398601,1219,142,29,32
21557505,3,7185835,508,142,203,35
2203758,1,2203758,1504,131,139,180
6953904,2,3476952,853,61,147,219
11112984,3,3704328,1683,1126,205,191
10005932,2,5002966,788,1010,58,53
8376690,1,8376690,703,1080,134,130
8253262,2,4126631,824,579,11,211
19753406,2,9876703,1440,33,14,207
531557,1,531557,496,33,26,70
5596372,2,2798186,33,1118,242,176
18982494,3,6327498,1412,8,112,139
2368695,1,2368695,175,8,52,17
27412863,3,9137621,258,734,17,81
1811252,2,905626,1151,742,96,66
3814214,1,3814214,456,785,251,156
311498,2,155749,921,21,159,195
8312239,1,8312239,231,293,222,146
1010235,3,336745,565,304,20,217
6813837,1,6813837,1208,917,23,145
9982652,1,9982652,1665,1007,258,101
7604313,1,7604313,869,1007,168,205
2947608,2,1473804,115,1135,22,216
11171496,3,3723832,154,1136,117,29
9656742,1,9656742,1345,753,66,56
2969225,1,2969225,444,753,126,269
16171560,2,8085780,733,477,138,135
4417448,2,2208724,457,477,253,86
4038996,3,1346332,659,413,173,102
14791150,2,7395575,1356,12,42,137
18843345,3,6281115,1515,12,239,87
26413749,3,8804583,812,893,68,171
19297413,3,6432471,1362,893,106,95
11823756,3,3941252,825,338,257,182
14529736,2,7264868,232,338,227,55
18615153,3,6205051,1710,478,249,212
1229389,1,1229389,978,478,25,264
8043585,1,8043585,738,250,7,252
19494650,2,9747325,895,743,67,199
14481660,3,4827220,1336,743,243,183
14172508,2,7086254,1388,762,265,106
8877463,1,8877463,1363,575,170,76
1107889,1,1107889,1413,513,88,107
6100968,2,3050484,660,513,55,110
5142062,1,5142062,415,547,1,236
10562268,3,3520756,1119,547,220,90
18590022,2,9295011,1346,702,12,257
9612495,1,9612495,1026,1063,77,192
15234825,3,5078275,870,1063,152,39
20577474,3,6859158,354,243,181,45
554686,2,277343,1171,1127,233,138
9030055,1,9030055,364,1127,44,28
13949298,2,6974649,1546,91,162,247
5295622,2,2647811,321,298,92,180
26354109,3,8784703,345,298,107,108
15681306,2,7840653,1789,606,211,230
7974634,2,3987317,1220,606,145,265
10096794,3,3365598,1364,1101,49,49
14595714,2,7297857,877,1101,263,248
8881768,1,8881768,1790,1137,131,200
10821420,2,5410710,1817,1137,158,139
11759934,3,3919978,1305,155,16,274
13286568,2,6643284,192,155,123,100
5710352,1,5710352,1172,479,212,20
25524021,3,8508007,1312,479,267,104
14143962,2,7071981,301,93,250,163
6142710,1,6142710,952,93,118,217
2224314,3,741438,474,370,120,60
4002438,1,4002438,1201,370,151,158
3453486,3,1151162,108,845,94,170
5651109,3,1883703,1453,845,140,88
9833386,1,9833386,335,1128,109,86
3333756,2,1666878,1127,425,144,120
9965784,1,9965784,259,396,93,43
9042719,1,9042719,262,396,37,37
28208490,3,9402830,205,1107,209,124
5490078,3,1830026,1591,467,9,172
18718750,2,9359375,704,467,230,119
7376554,2,3688277,1128,981,226,264
16284062,2,8142031,714,981,106,30
23998932,3,7999644,155,536,99,95
27362391,3,9120797,942,993,50,114
6961332,3,2320444,416,1048,161,260
1557242,2,778621,1834,1048,165,272
19955415,3,6651805,1173,668,110,18
25182108,3,8394036,1750,668,157,90
2298772,1,2298772,1152,191,174,124
5313410,2,2656705,328,191,176,105
8064714,2,4032357,943,590,255,162
4942804,2,2471402,854,590,256,225
5790416,2,2895208,286,118,5,121
1853412,2,926706,871,94,149,91
2647939,1,2647939,1230,646,18,247
23525256,3,7841752,445,646,76,169
20980833,3,6993611,1221,1034,85,201
5674660,2,2837330,986,930,241,69
993368,2,496684,1771,930,35,34
226386,2,113193,1684,957,114,73
6371231,1,6371231,43,957,19,240
10059666,2,5029833,689,119,132,1
18789165,3,6263055,1027,119,38,208
7556174,2,3778087,211,862,2,2
7358930,2,3679465,1378,163,146,36
13947502,2,6973751,1554,163,197,163
8946299,1,8946299,1711,1049,104,67
5115269,1,5115269,1129,1049,95,89
17151476,2,8575738,50,966,73,33
12594525,3,4198175,123,966,177,242
27030327,3,9010109,1379,1070,182,134
23929671,3,7976557,287,1070,39,44
4030132,1,4030132,1102,168,141,88
10183878,3,3394626,872,441,89,237
12791852,2,6395926,944,9,198,197
14836218,3,4945406,1754,9,82,9
13073782,2,6536891,775,354,254,215
6614970,2,3307485,1454,884,76,201
8888376,3,2962792,1380,53,166,127
16436052,2,8218026,518,998,71,231
11307066,3,3769022,148,998,160,132
14157891,3,4719297,1037,591,221,23
1023248,1,1023248,468,728,188,119
9632678,1,9632678,458,728,189,151
16770687,3,5590229,705,982,27,82
11484212,2,5742106,275,982,36,181
5769353,1,5769353,1209,34,97,164
9805168,2,4902584,1402,777,111,18
7763828,1,7763828,962,777,34,112
6380740,2,3190370,1555,946,143,83
18708022,2,9354011,1300,946,21,115
15149418,2,7574709,999,537,4,63
4549470,1,4549470,402,537,101,263
4906052,2,2453026,922,77,122,276
6666418,1,6666418,1403,77,183,261
8183979,1,8183979,1183,888,83,15
4347531,1,4347531,1012,888,84,241
18804507,3,6268169,1222,113,121,256
8773934,2,4386967,1791,113,129,187
29705004,3,9901668,1712,238,79,122
11129928,3,3709976,176,209,45,75
5651517,3,1883839,953,1108,47,152
11278020,3,3759340,1253,839,206,73
29924316,3,9974772,139,839,130,61
6271301,1,6271301,739,380,10,209
10866874,2,5433437,1381,480,235,221
7221195,1,7221195,1130,480,237,98
6214775,1,6214775,70,611,29,258
21747525,3,7249175,1600,611,203,140
26563497,3,8854499,1608,863,213,36
17533466,2,8766733,12,638,147,233
18752160,3,6250720,933,584,58,189
28867227,3,9622409,1740,931,134,72
6329743,1,6329743,85,1109,105,179
18592218,3,6197406,1592,1109,14,253
5064801,1,5064801,1835,114,26,235
7111275,1,7111275,1263,114,242,78
4900328,1,4900328,1802,563,214,44
3184412,1,3184412,969,744,192,3
15286122,3,5095374,1803,1064,17,62
17266956,2,8633478,1609,1064,96,50
4767401,1,4767401,1576,174,19,1
1156044,1,1156044,1610,174,81,111
4242946,2,2121473,1730,120,251,38
1772823,3,590941,1685,1097,222,85
17972157,3,5990719,915,1097,15,23
13386544,2,6693272,44,1031,23,8
7236359,1,7236359,776,1031,258,173
18011674,2,9005837,1421,967,22,188
7530236,1,7530236,1556,967,60,213
6105596,2,3052798,1601,932,66,129
1627572,3,542524,1422,932,126,254
17444340,3,5814780,475,426,138,167
10920946,2,5460473,1174,274,127,164
6457651,1,6457651,740,274,173,10
15644564,2,7822282,796,1102,178,186
6337284,2,3168642,1541,904,257,206
8371844,1,8371844,124,1145,227,51
1498461,1,1498461,1270,1145,249,113
3440078,2,1720039,826,85,164,261
5259795,3,1753265,725,85,7,57
16494576,2,8247288,1818,341,243,160
7855838,1,7855838,1761,341,265,125
11048511,3,3682837,446,724,179,159
20192148,3,6730716,168,724,88,13
3241882,2,1620941,797,745,1,275
7833314,1,7833314,1210,745,246,52
13747540,2,6873770,316,1008,12,210
28905498,3,9635166,1404,1008,77,97
2413373,1,2413373,71,881,152,58
3396379,1,3396379,1071,803,233,255
8997454,1,8997454,1271,355,44,117
16855406,2,8427703,94,355,64,140
9108088,1,9108088,1175,1053,92,141
4533032,1,4533032,1836,62,107,153
2023916,1,2023916,916,217,186,244
19441050,2,9720525,1479,217,194,234
19086794,2,9543397,606,453,49,228
6911454,2,3455727,1724,1119,260,78
2563293,1,2563293,681,573,158,96
9180803,1,9180803,245,1071,43,24
2583356,2,1291678,1641,316,123,177
28263645,3,9421215,459,1087,104,89
9777657,1,9777657,764,1087,33,142
1192682,2,596341,1247,754,267,155
1996961,1,1996961,186,389,63,94
17126070,3,5708690,1505,389,224,85
13360260,3,4453420,140,874,118,251
23012124,3,7670708,1357,381,120,103
10879764,3,3626588,376,381,151,5
13804728,2,6902364,1779,1103,262,123
14197656,3,4732552,1447,683,8,185
2428393,1,2428393,397,683,219,4
1739244,3,579748,1686,987,225,167
5565960,1,5565960,1184,987,144,193
1781776,1,1781776,715,617,252,245
18247482,3,6082494,758,617,65,277
9743532,3,3247844,623,601,232,32
4934636,1,4934636,1455,601,201,113
140515,1,140515,219,755,106,191
4315629,3,1438543,671,755,32,175
22956252,3,7652084,945,342,161,207
17445024,3,5815008,1718,627,217,70
14491058,2,7245529,141,627,165,176
24211491,3,8070497,509,846,163,275
2272794,3,757598,672,846,209,17
3970176,2,1985088,1666,164,174,81
4188963,1,4188963,389,164,176,66
24556629,3,8185543,553,121,70,223
4116309,3,1372103,1238,218,256,156
18661467,3,6220489,390,218,5,195
5979549,1,5979549,1630,804,57,146
1050883,1,1050883,878,804,124,157
13442598,2,6721299,403,628,18,145
10644934,2,5322467,1405,628,85,205
23079612,3,7693204,645,258,90,216
8981081,1,8981081,1000,258,113,229
3309294,2,1654647,855,526,35,135
7757426,2,3878713,896,526,75,102
19756430,2,9878215,1193,454,19,48
11152924,2,5576462,630,454,132,137
9819030,2,4909515,95,63,229,59
3108616,1,3108616,541,63,2,182
1600510,2,800255,1287,374,137,55
2050218,3,683406,646,374,236,212
14716257,3,4905419,979,859,116,151
9868520,1,9868520,1725,859,34,83
9820202,1,9820202,476,497,83,241
19708557,3,6569519,391,497,130,209
5427166,1,5427166,1767,1120,147,27
9203891,1,9203891,1389,442,23,173
15240213,3,5080071,417,442,173,65
7776326,1,7776326,980,647,7,147
7996640,2,3998320,1448,647,246,210
2295360,1,2295360,96,390,158,136
16485056,2,8242528,554,390,118,198
10765934,2,5382967,302,1065,109,193
2642509,1,2642509,1762,286,157,17
21399438,3,7133146,303,286,75,48
7469629,1,7469629,827,958,197,199
13010454,2,6505227,1347,958,141,257
24662301,3,8220767,1013,391,188,108
3216435,3,1072145,856,391,111,274
2525202,3,841734,1742,275,206,120
2842308,3,947436,1272,275,213,30
9181555,1,9181555,888,869,214,126
8914250,1,8914250,377,869,15,169
5805602,1,5805602,322,823,127,240
8004269,1,8004269,1110,823,196,237
2523098,2,1261549,1486,1088,260,112
2015710,1,2015710,706,1088,224,15
5885517,3,1961839,1194,317,201,233
12723726,2,6361863,1495,317,163,3
29237313,3,9745771,1050,612,124,8
7152297,3,2384099,716,427,56,10
8393822,1,8393822,613,427,46,57
3816910,1,3816910,1185,1138,91,141
20137029,3,6712343,398,1138,133,96
2136358,1,2136358,477,947,98,251
19993293,3,6664431,1001,947,187,149
2688075,3,896025,1547,47,169,6
15763710,2,7881855,624,47,61,102
20585610,3,6861870,156,13,240,252
29960037,3,9986679,97,13,24,267
18848868,2,9424434,1301,706,154,139
9899360,1,9899360,329,325,102,217
3796026,3,1265342,519,994,199,86
5408464,1,5408464,614,994,172,90
1832463,1,1832463,595,1146,72,247
389981,1,389981,1176,71,100,200
5184332,1,5184332,1577,71,6,163
4383190,2,2191595,125,585,204,88
481608,3,160536,1365,107,171,119
6037333,1,6037333,1743,343,216,18
2942646,2,1471323,1306,343,53,91
3583528,2,1791764,1002,433,185,73
19516300,2,9758150,1660,433,54,36
1962018,2,981009,1080,852,40,44
14356532,2,7178266,404,715,156,23
28109448,3,9369816,798,715,184,164
8242881,3,2747627,873,810,238,261
8995284,3,2998428,291,86,207,78
834966,1,834966,1273,86,266,85
6274137,1,6274137,1358,885,119,113
1996244,1,1996244,1254,885,80,275
18775617,3,6258539,813,54,125,246
17412957,3,5804319,1780,349,59,4
3669774,1,3669774,1014,751,244,35
1355190,2,677595,750,751,259,176
3552093,3,1184031,355,533,195,146
13876546,2,6938273,970,533,245,135
471533,1,471533,777,824,51,238
14482858,2,7241429,431,824,191,248
11927904,3,3975968,1274,1113,228,270
16886348,2,8443174,469,1113,155,249
19550380,2,9775190,288,889,139,172
17277864,3,5759288,1202,889,112,272
18919476,2,9459738,276,948,20,144
16518360,2,8259180,460,716,253,34
9128122,2,4564061,981,576,220,222
22319748,3,7439916,1593,14,162,132
7003696,1,7003696,220,850,250,276
4068964,1,4068964,946,850,140,75
17998402,2,8999201,1248,835,110,235
18672717,3,6224239,615,835,149,224
6318758,2,3159379,1288,485,114,254
5507437,1,5507437,947,485,146,51
2528334,2,1264167,1051,1011,39,99
3302523,1,3302523,1697,1011,221,117
19257888,3,6419296,1319,183,97,228
27599916,3,9199972,799,580,47,185
3120257,1,3120257,98,287,203,32
7038770,2,3519385,631,287,242,70
310377,1,310377,55,175,222,195
13147494,3,4382498,1289,175,138,269
6880572,3,2293524,149,847,1,110
7223451,1,7223451,1839,1158,263,49
22093020,3,7364340,1837,1158,219,227
22372413,3,7457471,1838,1157,9,271
22372413,3,7457471,1840,1157,268,278
